Workbook

Sheet Petunjuk
A1: Form UAT MTI Radio Management
A2: Versi aplikasi: 1.21.4 · Tanggal: 21 Oktober 2026 · 118 skenario
A4: Petunjuk pengisian
A5: Form ini memeriksa bahwa MTI Radio Management bekerja seperti yang diharapkan penggunanya. Setiap skenario menyebut peran akun yang dipakai, langkah-langkahnya, dan hasil yang diharapkan.
A6: 1. | B6: Pastikan nomor versi di footer aplikasi sama dengan versi di sampul form ini.
A7: 2. | B7: Jalankan skenario menurut urutan bagian. Beberapa skenario memakai hasil skenario sebelumnya; ID-nya disebut di langkahnya.
A8: 3. | B8: Masuk dengan akun peran yang tertulis di kolom Peran (Semua: akun apa pun yang boleh membuka menunya).
A9: 4. | B9: Bandingkan yang terjadi dengan kolom Hasil yang diharapkan, lalu centang satu kotak di kolom Hasil.
A10: 5. | B10: Untuk setiap Gagal, tulis apa yang terjadi di kolom Catatan dan di Daftar temuan, dengan ID skenarionya.
A11: 6. | B11: Setelah semua bagian selesai, isi Ringkasan hasil, lalu tanda tangani Lembar persetujuan.
A12: 7. | B12: Di file Excel ini: pilih Status dari daftar (Lulus, Gagal, N/A); sheet Ringkasan menghitungnya sendiri per bagian.
A14: Arti kolom Hasil
A15: Lulus | B15: Yang terjadi sama dengan hasil yang diharapkan.
A16: Gagal | B16: Yang terjadi berbeda. Tulis yang terjadi di Catatan dan catat di Daftar temuan.
A17: N/A | B17: Tidak berlaku atau tidak bisa diuji di lingkungan ini. Tulis alasannya di Catatan.
A19: Tingkat temuan
A20: Kritis | B20: Aplikasi tidak bisa dipakai, data rusak atau hilang, atau masalah keamanan.
A21: Tinggi | B21: Fungsi utama gagal dan tidak ada jalan lain.
A22: Sedang | B22: Fungsi gagal, tetapi ada jalan lain untuk menyelesaikan pekerjaannya.
A23: Rendah | B23: Tampilan, teks atau kenyamanan; pekerjaan tetap bisa diselesaikan.
A25: Kode peran
A26: SA | B26: Super Admin
A27: AR | B27: Admin Radio
A28: VR | B28: Viewer Radio
A29: DC | B29: Document Controller
A30: Semua | B30: akun apa pun yang boleh membuka menunya
A32: Data: pakai radio, akun dan baris uji. Impor dengan hapus data lama hanya di salinan uji. Skenario yang menulis ke ICT Masterlist mengubah workbook di SharePoint: pakai baris yang disepakati dengan pemilik data. Kembalikan data setelah pengujian, dan jangan menulis kata sandi atau token di form ini.

Sheet Info Pengujian
A1: Informasi pengujian
A3: Aplikasi | B3: MTI Radio Management
A4: Versi yang diuji | B4: 1.21.4 (cocokkan dengan nomor versi di footer aplikasi)
A5: Lingkungan | B5: Salinan uji (UAT) / Production (pilih salah satu)
A6: Alamat aplikasi (URL)
A7: Browser dan versinya
A8: Ponsel untuk Stock Opname
A9: Tanggal mulai / selesai
A10: Lokasi pengujian
A12: Penguji
A13: No | B13: Nama | C13: Jabatan / Department | D13: Peran yang diuji | E13: Paraf
A14: 1
A15: 2
A16: 3
A17: 4
A18: 5
A19: 6
A20: 7
A21: 8
A23: Akun uji per peran
A24: Peran | B24: Akun (e-mail / username) | C24: Dipakai oleh
A25: SA · Super Admin
A26: AR · Admin Radio
A27: VR · Viewer Radio
A28: DC · Document Controller

Sheet Skenario
A1: ID | B1: Bagian | C1: Peran | D1: Skenario | E1: Langkah | F1: Hasil yang diharapkan | G1: Status | H1: Catatan | I1: Penguji | J1: Tanggal
A2: UAT-LOG-01 | B2: Masuk dan keluar | C2: Semua | D2: Masuk dengan Microsoft | E2: 1. Buka alamat aplikasi. 2. Klik Microsoft di bawah Masuk dengan SSO. 3. Pilih akun Microsoft kantor Anda dan selesaikan login. | F2: Aplikasi terbuka di halaman awal role Anda; nama dan role tampil di kanan atas. Pilihan akun Microsoft selalu muncul.
A3: UAT-LOG-02 | B3: Masuk dan keluar | C3: Semua | D3: Masuk dengan Akun Merdeka (LDAP) | E3: 1. Di form Masuk dengan Akun Merdeka, isi Email atau username dengan username Windows (tanpa @...). 2. Isi Kata sandi dengan kata sandi Windows, lalu klik Masuk. | F3: Masuk ke halaman awal role. Akun harus memakai metode LDAP di User Terdaftar.
A4: UAT-LOG-03 | B4: Masuk dan keluar | C4: Semua | D4: Kata sandi salah ditolak | E4: 1. Isi Email atau username yang benar dan Kata sandi yang salah. 2. Klik Masuk. | F4: Pesan "Username atau kata sandi salah!"; tidak masuk. Audit Log mencatat "Gagal masuk" beserta alasannya.
A5: UAT-LOG-04 | B5: Masuk dan keluar | C5: Semua | D5: Akun Microsoft yang belum terdaftar ditolak | E5: 1. Klik Microsoft dan masuk dengan akun Microsoft yang belum terdaftar di aplikasi. | F5: Pesan bahwa user belum terdaftar di SSO Microsoft; tidak masuk.
A6: UAT-LOG-05 | B6: Masuk dan keluar | C6: SA | D6: Akun nonaktif tidak bisa masuk | E6: 1. Super Admin menonaktifkan akun uji di User Terdaftar. 2. Coba masuk dengan akun uji itu, lalu aktifkan lagi akunnya dan ulangi. | F6: Pesan "Akun nonaktif"; tidak masuk. Setelah diaktifkan lagi, akun itu bisa masuk.
A7: UAT-LOG-06 | B7: Masuk dan keluar | C7: Semua | D7: Peringatan sesi karena tidak aktif | E7: 1. Masuk, lalu biarkan aplikasi tanpa aktivitas selama 28 menit. 2. Saat peringatan muncul, klik Tetap masuk. | F7: Dialog "Sesi akan berakhir" dengan hitung mundur 2 menit; Tetap masuk memperpanjang sesi dan pekerjaan bisa dilanjutkan.
A8: UAT-LOG-07 | B8: Masuk dan keluar | C8: Semua | D8: Sesi berakhir | E8: 1. Biarkan hitung mundur peringatan sesi habis tanpa menekan tombol apa pun. | F8: Halaman pindah ke login dengan pesan "Sesi berakhir" beserta alasannya (tidak aktif 30 menit). Audit Log mencatat sesi yang berakhir.
A9: UAT-LOG-08 | B9: Masuk dan keluar | C9: Semua | D9: Keluar | E9: 1. Klik nama Anda di kanan atas, lalu Keluar. 2. Buka lagi sebuah halaman aplikasi. | F9: Kembali ke halaman login, dan halaman aplikasi meminta login lagi. Akun Microsoft di browser tetap masuk.
A10: UAT-GEN-01 | B10: Tampilan umum, bahasa dan Riwayat versi | C10: Semua | D10: Ganti bahasa ID | EN | E10: 1. Klik EN di bar atas dan buka beberapa menu. 2. Keluar, lalu masuk lagi. 3. Klik ID untuk kembali. | F10: Menu, judul, tombol, tabel, dialog dan pesan tampil dalam English; pilihan tetap setelah masuk lagi (tersimpan di akun). ID mengembalikan Bahasa Indonesia.
A11: UAT-GEN-02 | B11: Tampilan umum, bahasa dan Riwayat versi | C11: Semua | D11: Bahasa dan panduan di halaman login | E11: 1. Di halaman login, klik EN lalu ID di pojok kanan bawah. 2. Klik Klik di sini di samping Panduan masuk:. | F11: Teks halaman login berganti bahasa; ringkasan cara masuk tampil.
A12: UAT-GEN-03 | B12: Tampilan umum, bahasa dan Riwayat versi | C12: AR | D12: Data tetap seperti tersimpan dalam English | E12: 1. Pilih EN, lalu buka detail sebuah radio dan Riwayat Radio. | F12: Label dan tombol dalam English; isi riwayat, catatan dan keterangan tetap seperti tersimpan (Bahasa Indonesia). Posisi dan kondisi tampil dengan namanya dalam English (misalnya With user, Good).
A13: UAT-GEN-04 | B13: Tampilan umum, bahasa dan Riwayat versi | C13: Semua | D13: Sidebar dan jalur halaman | E13: 1. Klik tombol di ujung kiri bar atas untuk mengecilkan sidebar, lalu muat ulang halaman. 2. Buka detail sebuah radio, lalu klik Register Radio di jalur halaman (breadcrumb). | F13: Sidebar menjadi deretan ikon dan tetap begitu setelah dimuat ulang; nama menu muncul saat kursor di atas ikon. Jalur halaman membawa kembali ke Register Radio.
... A119: UAT-PRM-04 | B119: Hak akses per role | C119: SA | D119: Akses Super Admin | E119: 1. Masuk sebagai Super Admin dan buka setiap menu. | F119: Semua menu tampil, termasuk E-Sign Master, Snipe-IT, User Management, Audit Log dan API Tokens.

Sheet Temuan
A1: No | B1: ID skenario | C1: Uraian temuan | D1: Tingkat | E1: Ditemukan oleh | F1: Tanggal | G1: Perbaikan (versi) | H1: Status | I1: Uji ulang
A2: 1
A3: 2
A4: 3
A5: 4
A6: 5
A7: 6
A8: 7
A9: 8
A10: 9
A11: 10
A12: 11
A13: 12
... A51: 50

Sheet Ringkasan
A1: Ringkasan hasil
A3: No | B3: Bagian | C3: Jumlah skenario | D3: Lulus | E3: Gagal | F3: N/A | G3: Belum diisi | H3: % Lulus | I3: Catatan
A4: 1 | B4: Masuk dan keluar | C4: =COUNTIF('Skenario'!$B$2:$B$119,B4) | D4: =COUNTIFS('Skenario'!$B$2:$B$119,B4,'Skenario'!$G$2:$G$119,"Lulus") | E4: =COUNTIFS('Skenario'!$B$2:$B$119,B4,'Skenario'!$G$2:$G$119,"Gagal") | F4: =COUNTIFS('Skenario'!$B$2:$B$119,B4,'Skenario'!$G$2:$G$119,"N/A") | G4: =C4-D4-E4-F4 | H4: =IF(D4+E4=0,"",D4/(C4-F4))
A5: 2 | B5: Tampilan umum, bahasa dan Riwayat versi | C5: =COUNTIF('Skenario'!$B$2:$B$119,B5) | D5: =COUNTIFS('Skenario'!$B$2:$B$119,B5,'Skenario'!$G$2:$G$119,"Lulus") | E5: =COUNTIFS('Skenario'!$B$2:$B$119,B5,'Skenario'!$G$2:$G$119,"Gagal") | F5: =COUNTIFS('Skenario'!$B$2:$B$119,B5,'Skenario'!$G$2:$G$119,"N/A") | G5: =C5-D5-E5-F5 | H5: =IF(D5+E5=0,"",D5/(C5-F5))
A6: 3 | B6: Notifikasi | C6: =COUNTIF('Skenario'!$B$2:$B$119,B6) | D6: =COUNTIFS('Skenario'!$B$2:$B$119,B6,'Skenario'!$G$2:$G$119,"Lulus") | E6: =COUNTIFS('Skenario'!$B$2:$B$119,B6,'Skenario'!$G$2:$G$119,"Gagal") | F6: =COUNTIFS('Skenario'!$B$2:$B$119,B6,'Skenario'!$G$2:$G$119,"N/A") | G6: =C6-D6-E6-F6 | H6: =IF(D6+E6=0,"",D6/(C6-F6))
A7: 4 | B7: Dashboard | C7: =COUNTIF('Skenario'!$B$2:$B$119,B7) | D7: =COUNTIFS('Skenario'!$B$2:$B$119,B7,'Skenario'!$G$2:$G$119,"Lulus") | E7: =COUNTIFS('Skenario'!$B$2:$B$119,B7,'Skenario'!$G$2:$G$119,"Gagal") | F7: =COUNTIFS('Skenario'!$B$2:$B$119,B7,'Skenario'!$G$2:$G$119,"N/A") | G7: =C7-D7-E7-F7 | H7: =IF(D7+E7=0,"",D7/(C7-F7))
A8: 5 | B8: Register Radio | C8: =COUNTIF('Skenario'!$B$2:$B$119,B8) | D8: =COUNTIFS('Skenario'!$B$2:$B$119,B8,'Skenario'!$G$2:$G$119,"Lulus") | E8: =COUNTIFS('Skenario'!$B$2:$B$119,B8,'Skenario'!$G$2:$G$119,"Gagal") | F8: =COUNTIFS('Skenario'!$B$2:$B$119,B8,'Skenario'!$G$2:$G$119,"N/A") | G8: =C8-D8-E8-F8 | H8: =IF(D8+E8=0,"",D8/(C8-F8))
A9: 6 | B9: Detail radio, serah terima dan cetak form | C9: =COUNTIF('Skenario'!$B$2:$B$119,B9) | D9: =COUNTIFS('Skenario'!$B$2:$B$119,B9,'Skenario'!$G$2:$G$119,"Lulus") | E9: =COUNTIFS('Skenario'!$B$2:$B$119,B9,'Skenario'!$G$2:$G$119,"Gagal") | F9: =COUNTIFS('Skenario'!$B$2:$B$119,B9,'Skenario'!$G$2:$G$119,"N/A") | G9: =C9-D9-E9-F9 | H9: =IF(D9+E9=0,"",D9/(C9-F9))
A10: 7 | B10: Perlu Perhatian | C10: =COUNTIF('Skenario'!$B$2:$B$119,B10) | D10: =COUNTIFS('Skenario'!$B$2:$B$119,B10,'Skenario'!$G$2:$G$119,"Lulus") | E10: =COUNTIFS('Skenario'!$B$2:$B$119,B10,'Skenario'!$G$2:$G$119,"Gagal") | F10: =COUNTIFS('Skenario'!$B$2:$B$119,B10,'Skenario'!$G$2:$G$119,"N/A") | G10: =C10-D10-E10-F10 | H10: =IF(D10+E10=0,"",D10/(C10-F10))
A11: 8 | B11: Servis & Perbaikan | C11: =COUNTIF('Skenario'!$B$2:$B$119,B11) | D11: =COUNTIFS('Skenario'!$B$2:$B$119,B11,'Skenario'!$G$2:$G$119,"Lulus") | E11: =COUNTIFS('Skenario'!$B$2:$B$119,B11,'Skenario'!$G$2:$G$119,"Gagal") | F11: =COUNTIFS('Skenario'!$B$2:$B$119,B11,'Skenario'!$G$2:$G$119,"N/A") | G11: =C11-D11-E11-F11 | H11: =IF(D11+E11=0,"",D11/(C11-F11))
A12: 9 | B12: Stock Opname | C12: =COUNTIF('Skenario'!$B$2:$B$119,B12) | D12: =COUNTIFS('Skenario'!$B$2:$B$119,B12,'Skenario'!$G$2:$G$119,"Lulus") | E12: =COUNTIFS('Skenario'!$B$2:$B$119,B12,'Skenario'!$G$2:$G$119,"Gagal") | F12: =COUNTIFS('Skenario'!$B$2:$B$119,B12,'Skenario'!$G$2:$G$119,"N/A") | G12: =C12-D12-E12-F12 | H12: =IF(D12+E12=0,"",D12/(C12-F12))
A13: 10 | B13: Riwayat Radio | C13: =COUNTIF('Skenario'!$B$2:$B$119,B13) | D13: =COUNTIFS('Skenario'!$B$2:$B$119,B13,'Skenario'!$G$2:$G$119,"Lulus") | E13: =COUNTIFS('Skenario'!$B$2:$B$119,B13,'Skenario'!$G$2:$G$119,"Gagal") | F13: =COUNTIFS('Skenario'!$B$2:$B$119,B13,'Skenario'!$G$2:$G$119,"N/A") | G13: =C13-D13-E13-F13 | H13: =IF(D13+E13=0,"",D13/(C13-F13))
A14: 11 | B14: Master Data Radio | C14: =COUNTIF('Skenario'!$B$2:$B$119,B14) | D14: =COUNTIFS('Skenario'!$B$2:$B$119,B14,'Skenario'!$G$2:$G$119,"Lulus") | E14: =COUNTIFS('Skenario'!$B$2:$B$119,B14,'Skenario'!$G$2:$G$119,"Gagal") | F14: =COUNTIFS('Skenario'!$B$2:$B$119,B14,'Skenario'!$G$2:$G$119,"N/A") | G14: =C14-D14-E14-F14 | H14: =IF(D14+E14=0,"",D14/(C14-F14))
A15: 12 | B15: E-Sign Master | C15: =COUNTIF('Skenario'!$B$2:$B$119,B15) | D15: =COUNTIFS('Skenario'!$B$2:$B$119,B15,'Skenario'!$G$2:$G$119,"Lulus") | E15: =COUNTIFS('Skenario'!$B$2:$B$119,B15,'Skenario'!$G$2:$G$119,"Gagal") | F15: =COUNTIFS('Skenario'!$B$2:$B$119,B15,'Skenario'!$G$2:$G$119,"N/A") | G15: =C15-D15-E15-F15 | H15: =IF(D15+E15=0,"",D15/(C15-F15))
... A24: 21 | B24: Hak akses per role | C24: =COUNTIF('Skenario'!$B$2:$B$119,B24) | D24: =COUNTIFS('Skenario'!$B$2:$B$119,B24,'Skenario'!$G$2:$G$119,"Lulus") | E24: =COUNTIFS('Skenario'!$B$2:$B$119,B24,'Skenario'!$G$2:$G$119,"Gagal") | F24: =COUNTIFS('Skenario'!$B$2:$B$119,B24,'Skenario'!$G$2:$G$119,"N/A") | G24: =C24-D24-E24-F24 | H24: =IF(D24+E24=0,"",D24/(C24-F24))
B25: Jumlah | C25: =SUM(C4:C24) | D25: =SUM(D4:D24) | E25: =SUM(E4:E24) | F25: =SUM(F4:F24) | G25: =SUM(G4:G24) | H25: =IF(D25+E25=0,"",D25/(C25-F25))
B27: Kesimpulan
B28: Catatan kesimpulan

Sheet Persetujuan
A1: Lembar persetujuan
A3: Dengan menandatangani lembar ini, pihak-pihak di bawah menyatakan bahwa MTI Radio Management versi 1.21.4 telah diuji menurut skenario di form ini, dengan hasil seperti tercatat di Ringkasan hasil dan Daftar temuan, dan kesimpulannya seperti yang dicentang di sana.
A5: Diuji oleh | C5: Diperiksa oleh | E5: Disetujui oleh
A6: Perwakilan pengguna | C6: Tim IT/ICT | E6: Atasan / pemilik proses
A8: Nama | C8: Nama | E8: Nama
A9: Jabatan | C9: Jabatan | E9: Jabatan
A10: Tanggal | C10: Tanggal | E10: Tanggal
A11: Tanda tangan | C11: Tanda tangan | E11: Tanda tangan
