Workbook

Sheet Instructions
A1: UAT Form MTI Radio Management
A2: App version: 1.21.4 · Date: 21 October 2026 · 118 scenarios
A4: How to fill in
A5: This form checks that MTI Radio Management works the way its users expect. Each scenario names the role of the account to use, its steps, and the expected result.
A6: 1. | B6: Make sure the version number in the footer of the app is the version on the cover of this form.
A7: 2. | B7: Run the scenarios in the order of the sections. Some scenarios use the result of an earlier one; its ID is named in the steps.
A8: 3. | B8: Sign in with an account of the role in the Role column (All: any account that may open the menu).
A9: 4. | B9: Compare what happens with the Expected result column, then tick one box in the Result column.
A10: 5. | B10: For each Fail, write what happened in the Notes column and in the Findings, with the scenario ID.
A11: 6. | B11: Once every section is done, fill in the Results summary, then sign the Sign-off page.
A12: 7. | B12: In this Excel file: choose the Status from the list (Pass, Fail, N/A); the Summary sheet counts them per section by itself.
A14: Meaning of the Result column
A15: Pass | B15: What happens is the expected result.
A16: Fail | B16: What happens is different. Write what happened in Notes and record it in the Findings.
A17: N/A | B17: Does not apply or cannot be tested in this environment. Write the reason in Notes.
A19: Severity of findings
A20: Critical | B20: The app cannot be used, data is damaged or lost, or a security problem.
A21: High | B21: A main function fails and there is no other way.
A22: Medium | B22: A function fails, but there is another way to get the work done.
A23: Low | B23: Looks, texts or comfort; the work can still be done.
A25: Role codes
A26: SA | B26: Super Admin
A27: AR | B27: Admin Radio
A28: VR | B28: Viewer Radio
A29: DC | B29: Document Controller
A30: All | B30: any account that may open the menu
A32: Data: use test radios, accounts and rows. An import that deletes the old data only on a test copy. The scenarios that write to the ICT Masterlist change the workbook in SharePoint: use rows agreed with the owner of the data. Put the data back after testing, and do not write passwords or tokens on this form.

Sheet Test Info
A1: Test information
A3: Application | B3: MTI Radio Management
A4: Version tested | B4: 1.21.4 (check it against the version number in the footer of the app)
A5: Environment | B5: Test copy (UAT) / Production (choose one)
A6: Address of the app (URL)
A7: Browser and its version
A8: Phone for Stock Opname
A9: Start / end date
A10: Place of testing
A12: Testers
A13: No | B13: Name | C13: Position / Department | D13: Roles tested | E13: Initials
A14: 1
A15: 2
A16: 3
A17: 4
A18: 5
A19: 6
A20: 7
A21: 8
A23: Test accounts per role
A24: Role | B24: Account (e-mail / username) | C24: Used by
A25: SA · Super Admin
A26: AR · Admin Radio
A27: VR · Viewer Radio
A28: DC · Document Controller

Sheet Scenarios
A1: ID | B1: Section | C1: Role | D1: Scenario | E1: Steps | F1: Expected result | G1: Status | H1: Notes | I1: Tester | J1: Date
A2: UAT-LOG-01 | B2: Sign-in and sign-out | C2: All | D2: Sign in with Microsoft | E2: 1. Open the address of the app. 2. Click Microsoft under Sign in with SSO. 3. Choose your work Microsoft account and finish the sign-in. | F2: The app opens on the home page of your role; your name and role show at the top right. The choice of Microsoft account always appears.
A3: UAT-LOG-02 | B3: Sign-in and sign-out | C3: All | D3: Sign in with a Merdeka Account (LDAP) | E3: 1. In the Sign in with Merdeka Account form, fill in Email or username with the Windows username (without @...). 2. Fill in Password with the Windows password, then click Login. | F3: You are signed in on the home page of your role. The account must use the LDAP method in Registered Users.
A4: UAT-LOG-03 | B4: Sign-in and sign-out | C4: All | D4: A wrong password is refused | E4: 1. Fill in the right Email or username and a wrong Password. 2. Click Login. | F4: The message "Wrong username or password!"; no sign-in. The Audit Log records "Sign-in failed" with its reason.
A5: UAT-LOG-04 | B5: Sign-in and sign-out | C5: All | D5: An unregistered Microsoft account is refused | E5: 1. Click Microsoft and sign in with a Microsoft account that is not registered in the app. | F5: A message that the user is not registered in Microsoft SSO; no sign-in.
A6: UAT-LOG-05 | B6: Sign-in and sign-out | C6: SA | D6: An inactive account cannot sign in | E6: 1. The Super Admin deactivates the test account in Registered Users. 2. Try to sign in with that test account, then activate the account again and retry. | F6: The message "Account inactive"; no sign-in. Once activated again, the account can sign in.
A7: UAT-LOG-06 | B7: Sign-in and sign-out | C7: All | D7: Session warning after inactivity | E7: 1. Sign in, then leave the app without activity for 28 minutes. 2. When the warning appears, click Stay signed in. | F7: The dialog "Your session is about to end" with a 2-minute countdown; Stay signed in extends the session and the work can go on.
A8: UAT-LOG-07 | B8: Sign-in and sign-out | C8: All | D8: The session ends | E8: 1. Let the countdown of the session warning run out without pressing any button. | F8: The page goes to the login with the message "Session expired" and its reason (inactive for 30 minutes). The Audit Log records the expired session.
A9: UAT-LOG-08 | B9: Sign-in and sign-out | C9: All | D9: Sign out | E9: 1. Click your name at the top right, then Sign out. 2. Open a page of the app again. | F9: Back on the login page, and the pages of the app ask for a sign-in again. The Microsoft account in the browser stays signed in.
A10: UAT-GEN-01 | B10: Layout, language and Version history | C10: All | D10: Switch the language ID | EN | E10: 1. Click EN in the top bar and open a few menus. 2. Sign out, then sign in again. 3. Click ID to go back. | F10: Menus, titles, buttons, tables, dialogs and messages show in English; the choice stays after signing in again (saved on the account). ID brings Indonesian back.
A11: UAT-GEN-02 | B11: Layout, language and Version history | C11: All | D11: Language and guide on the login page | E11: 1. On the login page, click EN then ID at the bottom right. 2. Click Click here next to Access Login Guide:. | F11: The texts of the login page switch language; a summary of how to sign in shows.
A12: UAT-GEN-03 | B12: Layout, language and Version history | C12: AR | D12: Data stays as stored in English | E12: 1. Choose EN, then open the details of a radio and Radio History. | F12: Labels and buttons in English; the history entries, notes and descriptions stay as stored (Indonesian). Locations and conditions show with their English names (for example With user, Good).
A13: UAT-GEN-04 | B13: Layout, language and Version history | C13: All | D13: Sidebar and breadcrumb | E13: 1. Click the button at the left end of the top bar to shrink the sidebar, then reload the page. 2. Open the details of a radio, then click Register Radio in the breadcrumb. | F13: The sidebar becomes a row of icons and stays so after the reload; the menu name shows when the pointer is over an icon. The breadcrumb leads back to Register Radio.
... A119: UAT-PRM-04 | B119: Access per role | C119: SA | D119: Super Admin access | E119: 1. Sign in as a Super Admin and open every menu. | F119: Every menu shows, including E-Sign Master, Snipe-IT, User Management, Audit Log and API Tokens.

Sheet Findings
A1: No | B1: Scenario ID | C1: Description of the finding | D1: Severity | E1: Found by | F1: Date | G1: Fix (version) | H1: Status | I1: Retest
A2: 1
A3: 2
A4: 3
A5: 4
A6: 5
A7: 6
A8: 7
A9: 8
A10: 9
A11: 10
A12: 11
A13: 12
... A51: 50

Sheet Summary
A1: Results summary
A3: No | B3: Section | C3: Scenarios | D3: Pass | E3: Fail | F3: N/A | G3: Not filled in | H3: % Pass | I3: Notes
A4: 1 | B4: Sign-in and sign-out | C4: =COUNTIF('Scenarios'!$B$2:$B$119,B4) | D4: =COUNTIFS('Scenarios'!$B$2:$B$119,B4,'Scenarios'!$G$2:$G$119,"Pass") | E4: =COUNTIFS('Scenarios'!$B$2:$B$119,B4,'Scenarios'!$G$2:$G$119,"Fail") | F4: =COUNTIFS('Scenarios'!$B$2:$B$119,B4,'Scenarios'!$G$2:$G$119,"N/A") | G4: =C4-D4-E4-F4 | H4: =IF(D4+E4=0,"",D4/(C4-F4))
A5: 2 | B5: Layout, language and Version history | C5: =COUNTIF('Scenarios'!$B$2:$B$119,B5) | D5: =COUNTIFS('Scenarios'!$B$2:$B$119,B5,'Scenarios'!$G$2:$G$119,"Pass") | E5: =COUNTIFS('Scenarios'!$B$2:$B$119,B5,'Scenarios'!$G$2:$G$119,"Fail") | F5: =COUNTIFS('Scenarios'!$B$2:$B$119,B5,'Scenarios'!$G$2:$G$119,"N/A") | G5: =C5-D5-E5-F5 | H5: =IF(D5+E5=0,"",D5/(C5-F5))
A6: 3 | B6: Notifications | C6: =COUNTIF('Scenarios'!$B$2:$B$119,B6) | D6: =COUNTIFS('Scenarios'!$B$2:$B$119,B6,'Scenarios'!$G$2:$G$119,"Pass") | E6: =COUNTIFS('Scenarios'!$B$2:$B$119,B6,'Scenarios'!$G$2:$G$119,"Fail") | F6: =COUNTIFS('Scenarios'!$B$2:$B$119,B6,'Scenarios'!$G$2:$G$119,"N/A") | G6: =C6-D6-E6-F6 | H6: =IF(D6+E6=0,"",D6/(C6-F6))
A7: 4 | B7: Dashboard | C7: =COUNTIF('Scenarios'!$B$2:$B$119,B7) | D7: =COUNTIFS('Scenarios'!$B$2:$B$119,B7,'Scenarios'!$G$2:$G$119,"Pass") | E7: =COUNTIFS('Scenarios'!$B$2:$B$119,B7,'Scenarios'!$G$2:$G$119,"Fail") | F7: =COUNTIFS('Scenarios'!$B$2:$B$119,B7,'Scenarios'!$G$2:$G$119,"N/A") | G7: =C7-D7-E7-F7 | H7: =IF(D7+E7=0,"",D7/(C7-F7))
A8: 5 | B8: Register Radio | C8: =COUNTIF('Scenarios'!$B$2:$B$119,B8) | D8: =COUNTIFS('Scenarios'!$B$2:$B$119,B8,'Scenarios'!$G$2:$G$119,"Pass") | E8: =COUNTIFS('Scenarios'!$B$2:$B$119,B8,'Scenarios'!$G$2:$G$119,"Fail") | F8: =COUNTIFS('Scenarios'!$B$2:$B$119,B8,'Scenarios'!$G$2:$G$119,"N/A") | G8: =C8-D8-E8-F8 | H8: =IF(D8+E8=0,"",D8/(C8-F8))
A9: 6 | B9: Radio details, handover and print form | C9: =COUNTIF('Scenarios'!$B$2:$B$119,B9) | D9: =COUNTIFS('Scenarios'!$B$2:$B$119,B9,'Scenarios'!$G$2:$G$119,"Pass") | E9: =COUNTIFS('Scenarios'!$B$2:$B$119,B9,'Scenarios'!$G$2:$G$119,"Fail") | F9: =COUNTIFS('Scenarios'!$B$2:$B$119,B9,'Scenarios'!$G$2:$G$119,"N/A") | G9: =C9-D9-E9-F9 | H9: =IF(D9+E9=0,"",D9/(C9-F9))
A10: 7 | B10: Needs Attention | C10: =COUNTIF('Scenarios'!$B$2:$B$119,B10) | D10: =COUNTIFS('Scenarios'!$B$2:$B$119,B10,'Scenarios'!$G$2:$G$119,"Pass") | E10: =COUNTIFS('Scenarios'!$B$2:$B$119,B10,'Scenarios'!$G$2:$G$119,"Fail") | F10: =COUNTIFS('Scenarios'!$B$2:$B$119,B10,'Scenarios'!$G$2:$G$119,"N/A") | G10: =C10-D10-E10-F10 | H10: =IF(D10+E10=0,"",D10/(C10-F10))
A11: 8 | B11: Service & Repair | C11: =COUNTIF('Scenarios'!$B$2:$B$119,B11) | D11: =COUNTIFS('Scenarios'!$B$2:$B$119,B11,'Scenarios'!$G$2:$G$119,"Pass") | E11: =COUNTIFS('Scenarios'!$B$2:$B$119,B11,'Scenarios'!$G$2:$G$119,"Fail") | F11: =COUNTIFS('Scenarios'!$B$2:$B$119,B11,'Scenarios'!$G$2:$G$119,"N/A") | G11: =C11-D11-E11-F11 | H11: =IF(D11+E11=0,"",D11/(C11-F11))
A12: 9 | B12: Stock Opname | C12: =COUNTIF('Scenarios'!$B$2:$B$119,B12) | D12: =COUNTIFS('Scenarios'!$B$2:$B$119,B12,'Scenarios'!$G$2:$G$119,"Pass") | E12: =COUNTIFS('Scenarios'!$B$2:$B$119,B12,'Scenarios'!$G$2:$G$119,"Fail") | F12: =COUNTIFS('Scenarios'!$B$2:$B$119,B12,'Scenarios'!$G$2:$G$119,"N/A") | G12: =C12-D12-E12-F12 | H12: =IF(D12+E12=0,"",D12/(C12-F12))
A13: 10 | B13: Radio History | C13: =COUNTIF('Scenarios'!$B$2:$B$119,B13) | D13: =COUNTIFS('Scenarios'!$B$2:$B$119,B13,'Scenarios'!$G$2:$G$119,"Pass") | E13: =COUNTIFS('Scenarios'!$B$2:$B$119,B13,'Scenarios'!$G$2:$G$119,"Fail") | F13: =COUNTIFS('Scenarios'!$B$2:$B$119,B13,'Scenarios'!$G$2:$G$119,"N/A") | G13: =C13-D13-E13-F13 | H13: =IF(D13+E13=0,"",D13/(C13-F13))
A14: 11 | B14: Radio Master Data | C14: =COUNTIF('Scenarios'!$B$2:$B$119,B14) | D14: =COUNTIFS('Scenarios'!$B$2:$B$119,B14,'Scenarios'!$G$2:$G$119,"Pass") | E14: =COUNTIFS('Scenarios'!$B$2:$B$119,B14,'Scenarios'!$G$2:$G$119,"Fail") | F14: =COUNTIFS('Scenarios'!$B$2:$B$119,B14,'Scenarios'!$G$2:$G$119,"N/A") | G14: =C14-D14-E14-F14 | H14: =IF(D14+E14=0,"",D14/(C14-F14))
A15: 12 | B15: E-Sign Master | C15: =COUNTIF('Scenarios'!$B$2:$B$119,B15) | D15: =COUNTIFS('Scenarios'!$B$2:$B$119,B15,'Scenarios'!$G$2:$G$119,"Pass") | E15: =COUNTIFS('Scenarios'!$B$2:$B$119,B15,'Scenarios'!$G$2:$G$119,"Fail") | F15: =COUNTIFS('Scenarios'!$B$2:$B$119,B15,'Scenarios'!$G$2:$G$119,"N/A") | G15: =C15-D15-E15-F15 | H15: =IF(D15+E15=0,"",D15/(C15-F15))
... A24: 21 | B24: Access per role | C24: =COUNTIF('Scenarios'!$B$2:$B$119,B24) | D24: =COUNTIFS('Scenarios'!$B$2:$B$119,B24,'Scenarios'!$G$2:$G$119,"Pass") | E24: =COUNTIFS('Scenarios'!$B$2:$B$119,B24,'Scenarios'!$G$2:$G$119,"Fail") | F24: =COUNTIFS('Scenarios'!$B$2:$B$119,B24,'Scenarios'!$G$2:$G$119,"N/A") | G24: =C24-D24-E24-F24 | H24: =IF(D24+E24=0,"",D24/(C24-F24))
B25: Total | C25: =SUM(C4:C24) | D25: =SUM(D4:D24) | E25: =SUM(E4:E24) | F25: =SUM(F4:F24) | G25: =SUM(G4:G24) | H25: =IF(D25+E25=0,"",D25/(C25-F25))
B27: Conclusion
B28: Notes on the conclusion

Sheet Sign-off
A1: Sign-off
A3: By signing this page, the people below state that MTI Radio Management version 1.21.4 has been tested with the scenarios of this form, with the results recorded in the Results summary and the Findings, and the conclusion ticked there.
A5: Tested by | C5: Reviewed by | E5: Approved by
A6: User representative | C6: IT/ICT team | E6: Manager / process owner
A8: Name | C8: Name | E8: Name
A9: Position | C9: Position | E9: Position
A10: Date | C10: Date | E10: Date
A11: Signature | C11: Signature | E11: Signature
